Beca;Asesor;Canal
5;Postgraduate;Digital
5;Undergraduate;Prospeccion
5;Postgraduate;Digital
5;Undergraduate;Prospeccion
5;Postgraduate;Digital
5;Postgraduate;Digital
5;Postgraduate;Digital
5;Postgraduate;Digital
5;Postgraduate;Digital
5;Postgraduate;Digital
5;Postgraduate;Digital
5;Postgraduate;Digital
5;Postgraduate;Digital
5;Undergraduate;Prospeccion
5;Postgraduate;Digital
5;Postgraduate;Digital
5;Postgraduate;Digital
5;Postgraduate;Digital
5;Postgraduate;Digital
6;Postgraduate;Digital
6;Postgraduate;Digital
6;Postgraduate;Digital
6;Postgraduate;Digital
6;Postgraduate;Digital
6;Postgraduate;Digital
6;Postgraduate;Digital
6;Postgraduate;Digital
6;Postgraduate;Digital
6;Postgraduate;Digital
5;Undergraduate;Prospeccion
6;Postgraduate;Digital
5;Undergraduate;Inbound
6;Postgraduate;Digital
6;Postgraduate;Digital
6;Postgraduate;Digital
6;Postgraduate;Digital
6;Postgraduate;Digital
6;Postgraduate;Digital
6;Postgraduate;Digital
6;Postgraduate;Digital
6;Postgraduate;Digital
6;Postgraduate;Digital
6;Postgraduate;Digital
6;Postgraduate;Digital
6;Postgraduate;Digital
6;Postgraduate;Digital
6;Postgraduate;Digital
8;Postgraduate;Digital
8;Postgraduate;Digital
8;Postgraduate;Digital
8;Postgraduate;Digital
8;Postgraduate;Digital
8;Postgraduate;Digital
8;Postgraduate;Digital
8;Postgraduate;Digital
8;Postgraduate;Digital
8;Postgraduate;Digital
8;Postgraduate;Digital
8;Postgraduate;Digital
8;Postgraduate;Digital
8;Postgraduate;Digital
8;Postgraduate;Digital
8;Postgraduate;Digital
8;Postgraduate;Digital
8;Postgraduate;Digital
8;Postgraduate;Digital
8;Postgraduate;Digital
8;Postgraduate;Digital
8;Postgraduate;Digital
8;Postgraduate;Digital
8;Postgraduate;Digital
8;Postgraduate;Digital
8;Postgraduate;Digital
8;Postgraduate;Digital
8;Postgraduate;Digital
8;Postgraduate;Digital
8;Postgraduate;Digital
8;Postgraduate;Digital
8;Postgraduate;Digital
8;Postgraduate;Digital
8;Postgraduate;Digital
8;Postgraduate;Digital
8;Postgraduate;Digital
8;Postgraduate;Digital
8;Postgraduate;Digital
8;Postgraduate;Digital
8;Postgraduate;Digital
8;Postgraduate;Digital
8;Postgraduate;Digital
8;Postgraduate;Digital
8;Postgraduate;Digital
8;Postgraduate;Digital
8;Postgraduate;Digital
8;Postgraduate;Digital
8;Postgraduate;Digital
8;Postgraduate;Digital
8;Postgraduate;Digital
8;Postgraduate;Digital
8;Postgraduate;Digital
8;Postgraduate;Digital
8;Postgraduate;Digital
8;Postgraduate;Digital
8;Postgraduate;Digital
8;Postgraduate;Digital
8;Postgraduate;Digital
8;Postgraduate;Digital
8;Postgraduate;Digital
8;Postgraduate;Digital
8;Postgraduate;Digital
8;Postgraduate;Digital
8;Postgraduate;Digital
8;Postgraduate;Digital
8;Postgraduate;Digital
8;Postgraduate;Digital
8;Postgraduate;Digital
8;Postgraduate;Digital
8;Postgraduate;Digital
8;Postgraduate;Digital
8;Postgraduate;Digital
8;Postgraduate;Digital
8;Postgraduate;Digital
8;Postgraduate;Digital
8;Postgraduate;Digital
8;Postgraduate;Digital
8;Postgraduate;Digital
8;Postgraduate;Digital
8;Postgraduate;Digital
11;Postgraduate;Digital
11;Postgraduate;Digital
11;Postgraduate;Digital
11;Postgraduate;Digital
12;Postgraduate;Digital
12;Postgraduate;Digital
12;Postgraduate;Digital
12;Postgraduate;Digital
12;Postgraduate;Digital
12;Postgraduate;Digital
12;Postgraduate;Digital
12;Postgraduate;Digital
12;Postgraduate;Digital
12;Postgraduate;Digital
12;Postgraduate;Digital
12;Postgraduate;Digital
12;Postgraduate;Digital
12;Postgraduate;Digital
12;Postgraduate;Digital
12;Postgraduate;Digital
12;Postgraduate;Digital
12;Postgraduate;Digital
12;Postgraduate;Digital
12;Postgraduate;Digital
12;Postgraduate;Digital
12;Postgraduate;Digital
12;Postgraduate;Digital
12;Postgraduate;Digital
12;Postgraduate;Digital
12;Postgraduate;Digital
12;Postgraduate;Digital
12;Postgraduate;Digital
12;Postgraduate;Digital
12;Postgraduate;Digital
12;Postgraduate;Digital
12;Postgraduate;Digital
12;Postgraduate;Digital
12;Postgraduate;Digital
12;Postgraduate;Digital
12;Postgraduate;Digital
12;Postgraduate;Digital
12;Postgraduate;Digital
12;Postgraduate;Digital
12;Postgraduate;Digital
12;Postgraduate;Digital
12;Postgraduate;Digital
12;Postgraduate;Digital
12;Postgraduate;Digital
12;Postgraduate;Digital
12;Postgraduate;Digital
12;Postgraduate;Digital
12;Postgraduate;Digital
12;Postgraduate;Digital
12;Postgraduate;Digital
12;Postgraduate;Digital
12;Postgraduate;Digital
12;Postgraduate;Digital
12;Postgraduate;Digital
12;Postgraduate;Digital
12;Postgraduate;Digital
12;Postgraduate;Digital
12;Postgraduate;Digital
12;Postgraduate;Digital
12;Postgraduate;Digital
12;Postgraduate;Digital
12;Postgraduate;Digital
12;Postgraduate;Digital
12;Postgraduate;Digital
12;Postgraduate;Digital
12;Postgraduate;Digital
12;Postgraduate;Digital
12;Postgraduate;Digital
12;Postgraduate;Digital
12;Postgraduate;Digital
12;Postgraduate;Digital
12;Postgraduate;Digital
12;Postgraduate;Digital
12;Postgraduate;Digital
12;Postgraduate;Digital
12;Postgraduate;Digital
12;Postgraduate;Digital
12;Postgraduate;Digital
12;Postgraduate;Digital
12;Postgraduate;Digital
12;Postgraduate;Digital
12;Postgraduate;Digital
12;Postgraduate;Digital
12;Postgraduate;Digital
12;Postgraduate;Digital
12;Postgraduate;Digital
12;Postgraduate;Digital
12;Postgraduate;Digital
12;Postgraduate;Digital
12;Postgraduate;Digital
13;Postgraduate;Digital
13;Postgraduate;Digital
13;Postgraduate;Digital
13;Postgraduate;Digital
13;Postgraduate;Digital
13;Postgraduate;Digital
13;Postgraduate;Digital
13;Postgraduate;Digital
13;Postgraduate;Digital
13;Postgraduate;Digital
13;Postgraduate;Digital
13;Postgraduate;Digital
13;Postgraduate;Digital
15;Postgraduate;Digital
15;Postgraduate;Digital
15;Postgraduate;Digital
15;Postgraduate;Digital
15;Postgraduate;Digital
15;Postgraduate;Digital
15;Postgraduate;Digital
15;Postgraduate;Digital
15;Postgraduate;Digital
15;Postgraduate;Digital
15;Postgraduate;Digital
15;Postgraduate;Digital
15;Postgraduate;Digital
15;Postgraduate;Digital
15;Postgraduate;Digital
15;Postgraduate;Digital
15;Postgraduate;Digital
15;Postgraduate;Digital
15;Postgraduate;Digital
15;Postgraduate;Digital
15;Postgraduate;Digital
15;Postgraduate;Digital
15;Postgraduate;Digital
15;Postgraduate;Digital
15;Postgraduate;Digital
15;Postgraduate;Digital
15;Postgraduate;Digital
15;Postgraduate;Digital
15;Postgraduate;Digital
15;Postgraduate;Digital
15;Postgraduate;Digital
15;Postgraduate;Digital
15;Postgraduate;Digital
15;Postgraduate;Digital
15;Postgraduate;Digital
15;Postgraduate;Digital
15;Postgraduate;Digital
15;Postgraduate;Digital
15;Postgraduate;Digital
15;Postgraduate;Digital
15;Postgraduate;Digital
15;Postgraduate;Digital
15;Postgraduate;Digital
15;Postgraduate;Digital
15;Postgraduate;Digital
15;Postgraduate;Digital
15;Postgraduate;Digital
15;Postgraduate;Digital
15;Postgraduate;Digital
15;Postgraduate;Digital
15;Postgraduate;Digital
15;Postgraduate;Digital
15;Postgraduate;Digital
15;Postgraduate;Digital
15;Postgraduate;Digital
15;Postgraduate;Digital
15;Postgraduate;Digital
15;Postgraduate;Digital
15;Postgraduate;Digital
15;Postgraduate;Digital
15;Postgraduate;Digital
15;Postgraduate;Digital
15;Postgraduate;Digital
15;Postgraduate;Digital
15;Postgraduate;Digital
15;Postgraduate;Digital
15;Postgraduate;Digital
15;Postgraduate;Digital
15;Postgraduate;Digital
15;Postgraduate;Digital
15;Postgraduate;Digital
15;Postgraduate;Digital
15;Postgraduate;Digital
15;Postgraduate;Digital
15;Postgraduate;Digital
15;Postgraduate;Digital
15;Postgraduate;Digital
15;Postgraduate;Digital
15;Postgraduate;Digital
15;Postgraduate;Digital
15;Postgraduate;Digital
15;Postgraduate;Digital
15;Postgraduate;Digital
15;Postgraduate;Digital
15;Postgraduate;Digital
15;Postgraduate;Digital
15;Postgraduate;Digital
15;Postgraduate;Digital
15;Postgraduate;Digital
15;Postgraduate;Digital
15;Postgraduate;Digital
15;Postgraduate;Digital
15;Postgraduate;Digital
15;Postgraduate;Digital
15;Postgraduate;Digital
15;Postgraduate;Digital
15;Postgraduate;Digital
15;Postgraduate;Digital
15;Postgraduate;Digital
15;Postgraduate;Digital
15;Postgraduate;Digital
15;Postgraduate;Digital
15;Postgraduate;Digital
15;Postgraduate;Digital
15;Postgraduate;Digital
15;Postgraduate;Digital
15;Postgraduate;Digital
15;Postgraduate;Digital
15;Postgraduate;Digital
15;Postgraduate;Digital
15;Postgraduate;Digital
15;Postgraduate;Digital
15;Postgraduate;Digital
15;Postgraduate;Digital
15;Postgraduate;Digital
15;Postgraduate;Digital
15;Postgraduate;Digital
15;Postgraduate;Digital
15;Undergraduate;Inbound
15;Undergraduate;Inbound
15;Undergraduate;Inbound
15;Undergraduate;Digital
15;Undergraduate;Digital
15;Undergraduate;Digital
15;Undergraduate;Inbound
15;Undergraduate;Prospeccion
15;Undergraduate;Inbound
15;Undergraduate;Digital
15;Undergraduate;Inbound
15;Undergraduate;Digital
15;Undergraduate;Inbound
15;Undergraduate;Prospeccion
15;Undergraduate;Prospeccion
15;Undergraduate;Inbound
15;Undergraduate;Inbound
15;Undergraduate;Digital
15;Undergraduate;Digital
15;Undergraduate;Inbound
15;Undergraduate;Prospeccion
15;Postgraduate;Digital
15;Postgraduate;Digital
15;Undergraduate;Digital
15;Postgraduate;Digital
15;Postgraduate;Digital
15;Undergraduate;Inbound
15;Postgraduate;Digital
15;Postgraduate;Digital
15;Undergraduate;Inbound
15;Postgraduate;Digital
15;Postgraduate;Digital
15;Postgraduate;Digital
15;Postgraduate;Digital
15;Postgraduate;Digital
15;Postgraduate;Digital
15;Postgraduate;Digital
15;Postgraduate;Digital
15;Postgraduate;Digital
15;Undergraduate;Inbound
15;Undergraduate;Digital
15;Postgraduate;Digital
15;Undergraduate;Prospeccion
15;Undergraduate;Inbound
15;Postgraduate;Digital
15;Postgraduate;Digital
15;Postgraduate;Digital
15;Postgraduate;Digital
15;Undergraduate;Inbound
15;Undergraduate;Digital
15;Postgraduate;Digital
15;Undergraduate;Digital
15;Undergraduate;Prospeccion
15;Postgraduate;Digital
15;Undergraduate;Prospeccion
15;Undergraduate;Prospeccion
15;Undergraduate;Prospeccion
15;Undergraduate;Prospeccion
15;Postgraduate;Digital
15;Postgraduate;Digital
15;Postgraduate;Digital
15;Postgraduate;Digital
15;Postgraduate;Digital
15;Postgraduate;Digital
15;Postgraduate;Digital
15;Postgraduate;Digital
15;Postgraduate;Digital
15;Postgraduate;Digital
15;Postgraduate;Digital
15;Postgraduate;Digital
15;Postgraduate;Digital
15;Postgraduate;Digital
15;Postgraduate;Digital
15;Postgraduate;Digital
15;Postgraduate;Digital
15;Postgraduate;Digital
15;Undergraduate;Digital
15;Postgraduate;Digital
15;Postgraduate;Digital
15;Postgraduate;Digital
15;Undergraduate;Digital
15;Postgraduate;Digital
15;Postgraduate;Digital
15;Postgraduate;Digital
15;Postgraduate;Digital
15;Postgraduate;Digital
15;Postgraduate;Digital
15;Postgraduate;Digital
15;Postgraduate;Digital
15;Postgraduate;Digital
15;Postgraduate;Digital
15;Postgraduate;Digital
15;Postgraduate;Digital
15;Postgraduate;Digital
15;Postgraduate;Digital
15;Postgraduate;Digital
15;Postgraduate;Digital
15;Postgraduate;Digital
15;Postgraduate;Digital
15;Postgraduate;Digital
15;Postgraduate;Digital
15;Postgraduate;Digital
15;Postgraduate;Digital
15;Postgraduate;Digital
15;Undergraduate;Prospeccion
15;Postgraduate;Digital
15;Postgraduate;Digital
15;Postgraduate;Digital
15;Postgraduate;Digital
15;Postgraduate;Digital
15;Postgraduate;Digital
15;Postgraduate;Digital
15;Postgraduate;Digital
15;Postgraduate;Digital
15;Postgraduate;Digital
15;Postgraduate;Digital
15;Postgraduate;Digital
15;Postgraduate;Digital
15;Postgraduate;Digital
15;Postgraduate;Digital
15;Postgraduate;Digital
17;Postgraduate;Digital
17;Postgraduate;Digital
17;Postgraduate;Digital
17;Postgraduate;Digital
23;Postgraduate;Digital
23;Postgraduate;Digital
25;Postgraduate;Digital
25;Postgraduate;Digital
25;Postgraduate;Digital
25;Postgraduate;Digital
25;Postgraduate;Digital
25;Postgraduate;Digital
25;Postgraduate;Digital
25;Postgraduate;Digital
25;Postgraduate;Digital
25;Postgraduate;Digital
15;Undergraduate;Inbound
25;Postgraduate;Digital
25;Postgraduate;Digital
25;Postgraduate;Digital
25;Postgraduate;Digital
25;Postgraduate;Digital
25;Postgraduate;Digital
25;Postgraduate;Digital
25;Postgraduate;Digital
25;Postgraduate;Digital
25;Postgraduate;Digital
25;Postgraduate;Digital
25;Postgraduate;Digital
25;Postgraduate;Digital
25;Postgraduate;Digital
25;Postgraduate;Digital
15;Undergraduate;Inbound
15;Undergraduate;Prospeccion
25;Postgraduate;Digital
25;Postgraduate;Digital
15;Undergraduate;Digital
25;Postgraduate;Digital
15;Undergraduate;Inbound
15;Undergraduate;Digital
26;Postgraduate;Digital
15;Undergraduate;Inbound
28;Postgraduate;Digital
28;Postgraduate;Digital
35;Postgraduate;Digital
35;Postgraduate;Digital
35;Postgraduate;Digital
35;Postgraduate;Digital
15;Undergraduate;Digital
35;Postgraduate;Digital
35;Postgraduate;Digital
35;Postgraduate;Digital
35;Postgraduate;Digital
15;Undergraduate;Prospeccion
35;Postgraduate;Digital
35;Postgraduate;Digital
35;Postgraduate;Digital
35;Postgraduate;Digital
35;Postgraduate;Digital
35;Postgraduate;Digital
35;Postgraduate;Digital
35;Postgraduate;Digital
35;Postgraduate;Digital
15;Undergraduate;Digital
35;Postgraduate;Digital
35;Postgraduate;Digital
35;Postgraduate;Digital
15;Undergraduate;Prospeccion
35;Postgraduate;Digital
15;Undergraduate;Digital
15;Undergraduate;Inbound
35;Postgraduate;Digital
35;Postgraduate;Digital
35;Postgraduate;Digital
35;Postgraduate;Digital
35;Postgraduate;Digital
35;Postgraduate;Digital
4;Postgraduate;Digital
15;Undergraduate;Digital
5;Postgraduate;Digital
5;Postgraduate;Digital
5;Postgraduate;Digital
5;Postgraduate;Digital
5;Postgraduate;Digital
5;Postgraduate;Digital
5;Postgraduate;Inbound
5;Postgraduate;Inbound
5;Postgraduate;Inbound
5;Postgraduate;Inbound
5;Postgraduate;Inbound
5;Postgraduate;Inbound
5;Postgraduate;Inbound
5;Postgraduate;Inbound
15;Undergraduate;Inbound
6;Postgraduate;Inbound
6;Postgraduate;Inbound
6;Postgraduate;Inbound
6;Postgraduate;Inbound
6;Postgraduate;Inbound
6;Postgraduate;Inbound
6;Postgraduate;Inbound
7;Postgraduate;Inbound
15;Undergraduate;Digital
15;Undergraduate;Inbound
8;Postgraduate;Inbound
8;Postgraduate;Inbound
8;Postgraduate;Inbound
8;Postgraduate;Inbound
8;Postgraduate;Inbound
15;Undergraduate;Prospeccion
8;Postgraduate;Inbound
15;Undergraduate;Inbound
8;Postgraduate;Inbound
15;Undergraduate;Inbound
15;Undergraduate;Digital
15;Undergraduate;Digital
15;Undergraduate;Inbound
15;Undergraduate;Digital
8;Postgraduate;Inbound
15;Undergraduate;Inbound
8;Postgraduate;Inbound
8;Postgraduate;Inbound
15;Undergraduate;Prospeccion
15;Undergraduate;Inbound
15;Undergraduate;Prospeccion
8;Postgraduate;Inbound
15;Undergraduate;Digital
8;Postgraduate;Inbound
8;Postgraduate;Inbound
15;Undergraduate;Digital
8;Postgraduate;Inbound
15;Undergraduate;Inbound
8;Postgraduate;Inbound
15;Undergraduate;Prospeccion
15;Undergraduate;Prospeccion
8;Postgraduate;Inbound
8;Postgraduate;Inbound
15;Undergraduate;Inbound
15;Undergraduate;Digital
15;Undergraduate;Inbound
8;Postgraduate;Inbound
15;Undergraduate;Inbound
15;Undergraduate;Prospeccion
8;Postgraduate;Inbound
11;Postgraduate;Inbound
11;Postgraduate;Inbound
12;Postgraduate;Inbound
12;Postgraduate;Inbound
15;Undergraduate;Digital
15;Undergraduate;Prospeccion
15;Undergraduate;Inbound
12;Postgraduate;Inbound
12;Postgraduate;Inbound
12;Postgraduate;Inbound
12;Postgraduate;Inbound
15;Undergraduate;Prospeccion
12;Postgraduate;Inbound
12;Postgraduate;Inbound
15;Undergraduate;Digital
12;Postgraduate;Inbound
12;Postgraduate;Inbound
15;Undergraduate;Digital
12;Postgraduate;Inbound
12;Postgraduate;Inbound
15;Undergraduate;Prospeccion
12;Postgraduate;Inbound
12;Postgraduate;Inbound
12;Postgraduate;Inbound
15;Undergraduate;Prospeccion
12;Postgraduate;Inbound
12;Postgraduate;Inbound
15;Undergraduate;Inbound
12;Postgraduate;Inbound
12;Postgraduate;Inbound
12;Postgraduate;Inbound
12;Postgraduate;Inbound
15;Undergraduate;Digital
15;Undergraduate;Inbound
12;Postgraduate;Inbound
12;Postgraduate;Inbound
15;Undergraduate;Digital
15;Undergraduate;Digital
15;Undergraduate;Digital
12;Postgraduate;Inbound
12;Postgraduate;Inbound
15;Undergraduate;Prospeccion
12;Postgraduate;Inbound
12;Postgraduate;Inbound
13;Postgraduate;Inbound
13;Postgraduate;Inbound
15;Postgraduate;Inbound
15;Undergraduate;Digital
15;Postgraduate;Inbound
15;Undergraduate;Prospeccion
15;Postgraduate;Inbound
15;Postgraduate;Inbound
15;Postgraduate;Inbound
15;Postgraduate;Inbound
15;Undergraduate;Digital
15;Undergraduate;Digital
15;Postgraduate;Inbound
15;Postgraduate;Inbound
15;Postgraduate;Inbound
15;Undergraduate;Digital
15;Postgraduate;Inbound
15;Undergraduate;Digital
15;Postgraduate;Inbound
15;Postgraduate;Inbound
15;Postgraduate;Inbound
15;Postgraduate;Inbound
15;Postgraduate;Inbound
15;Postgraduate;Inbound
15;Postgraduate;Inbound
15;Postgraduate;Inbound
15;Undergraduate;Inbound
15;Postgraduate;Inbound
15;Postgraduate;Inbound
15;Undergraduate;Digital
15;Undergraduate;Inbound
15;Undergraduate;Prospeccion
15;Postgraduate;Inbound
15;Undergraduate;Prospeccion
15;Undergraduate;Inbound
15;Undergraduate;Prospeccion
15;Undergraduate;Inbound
15;Undergraduate;Prospeccion
15;Undergraduate;Prospeccion
15;Undergraduate;Inbound
15;Undergraduate;Inbound
15;Undergraduate;Prospeccion
15;Undergraduate;Digital
15;Undergraduate;Inbound
15;Undergraduate;Inbound
15;Undergraduate;Inbound
15;Postgraduate;Inbound
15;Postgraduate;Inbound
15;Postgraduate;Inbound
15;Postgraduate;Inbound
15;Postgraduate;Inbound
15;Postgraduate;Inbound
15;Postgraduate;Inbound
15;Postgraduate;Inbound
15;Postgraduate;Inbound
15;Postgraduate;Inbound
15;Undergraduate;Inbound
15;Postgraduate;Inbound
15;Undergraduate;Inbound
15;Undergraduate;Inbound
15;Postgraduate;Inbound
15;Postgraduate;Inbound
15;Undergraduate;Digital
15;Postgraduate;Inbound
15;Postgraduate;Inbound
15;Postgraduate;Inbound
15;Postgraduate;Inbound
15;Undergraduate;Prospeccion
15;Postgraduate;Inbound
15;Undergraduate;Inbound
15;Postgraduate;Inbound
15;Undergraduate;Inbound
15;Postgraduate;Inbound
15;Postgraduate;Inbound
15;Postgraduate;Inbound
17;Postgraduate;Inbound
17;Postgraduate;Inbound
15;Undergraduate;Digital
21;Postgraduate;Inbound
75;Postgraduate;Inbound
75;Postgraduate;Inbound
75;Postgraduate;Inbound
75;Postgraduate;Inbound
75;Postgraduate;Inbound
75;Postgraduate;Inbound
15;Undergraduate;Inbound
28;Postgraduate;Inbound
35;Postgraduate;Inbound
35;Postgraduate;Inbound
35;Postgraduate;Inbound
35;Postgraduate;Inbound
35;Postgraduate;Inbound
35;Postgraduate;Inbound
35;Postgraduate;Inbound
35;Postgraduate;Inbound
35;Postgraduate;Inbound
15;Undergraduate;Inbound
15;Undergraduate;Digital
5;Postgraduate;Inbound
5;Postgraduate;Inbound
5;Postgraduate;Inbound
15;Undergraduate;Inbound
5;Postgraduate;Prospeccion
15;Undergraduate;Inbound
5;Postgraduate;Prospeccion
5;Postgraduate;Prospeccion
5;Postgraduate;Prospeccion
5;Postgraduate;Prospeccion
6;Postgraduate;Prospeccion
6;Postgraduate;Prospeccion
6;Postgraduate;Prospeccion
6;Postgraduate;Prospeccion
6;Postgraduate;Prospeccion
8;Postgraduate;Prospeccion
8;Postgraduate;Prospeccion
8;Postgraduate;Prospeccion
8;Postgraduate;Prospeccion
75;Undergraduate;Inbound
25;Undergraduate;Prospeccion
25;Undergraduate;Digital
25;Undergraduate;Prospeccion
75;Undergraduate;Inbound
75;Undergraduate;Inbound
25;Undergraduate;Digital
25;Undergraduate;Prospeccion
25;Undergraduate;Digital
25;Undergraduate;Digital
75;Undergraduate;Inbound
25;Undergraduate;Digital
25;Undergraduate;Prospeccion
25;Undergraduate;Prospeccion
75;Undergraduate;Inbound
25;Undergraduate;Prospeccion
25;Undergraduate;Digital
25;Undergraduate;Digital
75;Undergraduate;Inbound
25;Undergraduate;Digital
75;Undergraduate;Inbound
25;Undergraduate;Prospeccion
25;Undergraduate;Digital
25;Undergraduate;Digital
25;Undergraduate;Digital
25;Undergraduate;Prospeccion
25;Undergraduate;Prospeccion
25;Undergraduate;Prospeccion
75;Undergraduate;Inbound
25;Undergraduate;Prospeccion
25;Undergraduate;Digital
25;Undergraduate;Prospeccion
25;Undergraduate;Prospeccion
25;Undergraduate;Prospeccion
25;Undergraduate;Digital
25;Undergraduate;Prospeccion
25;Undergraduate;Prospeccion
25;Undergraduate;Digital
25;Undergraduate;Digital
25;Undergraduate;Prospeccion
25;Undergraduate;Prospeccion
25;Undergraduate;Prospeccion
25;Undergraduate;Prospeccion
25;Undergraduate;Digital
25;Undergraduate;Prospeccion
25;Undergraduate;Digital
25;Undergraduate;Prospeccion
25;Undergraduate;Prospeccion
75;Undergraduate;Inbound
25;Undergraduate;Digital
25;Undergraduate;Digital
25;Undergraduate;Digital
25;Undergraduate;Prospeccion
25;Undergraduate;Prospeccion
75;Undergraduate;Inbound
25;Undergraduate;Prospeccion
75;Undergraduate;Inbound
25;Undergraduate;Digital
25;Undergraduate;Prospeccion
8;Postgraduate;Prospeccion
75;Undergraduate;Inbound
25;Undergraduate;Prospeccion
25;Undergraduate;Prospeccion
25;Undergraduate;Digital
25;Undergraduate;Prospeccion
25;Undergraduate;Prospeccion
25;Undergraduate;Prospeccion
25;Undergraduate;Prospeccion
25;Undergraduate;Prospeccion
75;Undergraduate;Inbound
25;Undergraduate;Prospeccion
25;Undergraduate;Prospeccion
25;Undergraduate;Digital
25;Undergraduate;Digital
75;Undergraduate;Inbound
25;Undergraduate;Prospeccion
25;Undergraduate;Prospeccion
25;Undergraduate;Prospeccion
75;Undergraduate;Inbound
25;Undergraduate;Digital
25;Undergraduate;Digital
25;Undergraduate;Digital
25;Undergraduate;Digital
25;Undergraduate;Digital
25;Undergraduate;Digital
25;Undergraduate;Digital
25;Undergraduate;Prospeccion
25;Undergraduate;Prospeccion
75;Undergraduate;Inbound
25;Undergraduate;Digital
25;Undergraduate;Digital
25;Undergraduate;Prospeccion
25;Undergraduate;Prospeccion
75;Undergraduate;Inbound
25;Undergraduate;Prospeccion
75;Undergraduate;Inbound
25;Undergraduate;Digital
25;Undergraduate;Digital
8;Postgraduate;Prospeccion
25;Undergraduate;Digital
75;Undergraduate;Inbound
25;Undergraduate;Prospeccion
8;Postgraduate;Prospeccion
25;Undergraduate;Digital
25;Undergraduate;Prospeccion
25;Undergraduate;Digital
25;Undergraduate;Prospeccion
25;Undergraduate;Digital
25;Undergraduate;Prospeccion
25;Undergraduate;Digital
25;Undergraduate;Prospeccion
25;Undergraduate;Prospeccion
25;Undergraduate;Prospeccion
25;Undergraduate;Prospeccion
25;Undergraduate;Prospeccion
25;Undergraduate;Prospeccion
25;Undergraduate;Digital
8;Postgraduate;Prospeccion
25;Undergraduate;Digital
25;Undergraduate;Digital
75;Undergraduate;Inbound
25;Undergraduate;Digital
25;Undergraduate;Prospeccion
25;Undergraduate;Digital
25;Undergraduate;Prospeccion
8;Postgraduate;Prospeccion
75;Undergraduate;Inbound
75;Undergraduate;Inbound
25;Undergraduate;Prospeccion
25;Undergraduate;Digital
25;Undergraduate;Digital
25;Undergraduate;Prospeccion
25;Undergraduate;Digital
25;Undergraduate;Digital
11;Postgraduate;Prospeccion
25;Undergraduate;Digital
75;Undergraduate;Inbound
25;Undergraduate;Prospeccion
25;Undergraduate;Digital
25;Undergraduate;Digital
25;Undergraduate;Digital
25;Undergraduate;Digital
25;Undergraduate;Digital
25;Undergraduate;Prospeccion
25;Undergraduate;Prospeccion
25;Undergraduate;Digital
25;Undergraduate;Digital
25;Undergraduate;Digital
25;Undergraduate;Digital
25;Undergraduate;Digital
25;Undergraduate;Digital
25;Undergraduate;Digital
75;Undergraduate;Inbound
11;Postgraduate;Prospeccion
75;Undergraduate;Inbound
25;Undergraduate;Digital
25;Undergraduate;Digital
75;Undergraduate;Inbound
11;Postgraduate;Prospeccion
75;Undergraduate;Inbound
25;Undergraduate;Prospeccion
75;Undergraduate;Inbound
25;Undergraduate;Prospeccion
25;Undergraduate;Prospeccion
25;Undergraduate;Digital
25;Undergraduate;Digital
25;Undergraduate;Digital
25;Undergraduate;Digital
25;Undergraduate;Digital
25;Undergraduate;Digital
25;Undergraduate;Digital
75;Undergraduate;Inbound
75;Undergraduate;Inbound
75;Undergraduate;Inbound
75;Undergraduate;Inbound
75;Undergraduate;Inbound
25;Undergraduate;Prospeccion
75;Undergraduate;Inbound
25;Undergraduate;Prospeccion
25;Undergraduate;Prospeccion
25;Undergraduate;Prospeccion
25;Undergraduate;Prospeccion
75;Undergraduate;Inbound
25;Undergraduate;Digital
75;Undergraduate;Inbound
75;Undergraduate;Inbound
25;Undergraduate;Digital
25;Undergraduate;Prospeccion
75;Undergraduate;Inbound
25;Undergraduate;Digital
75;Undergraduate;Inbound
25;Undergraduate;Digital
25;Undergraduate;Digital
75;Undergraduate;Inbound
25;Undergraduate;Prospeccion
75;Undergraduate;Inbound
25;Undergraduate;Prospeccion
75;Undergraduate;Inbound
25;Undergraduate;Digital
25;Undergraduate;Digital
75;Undergraduate;Inbound
25;Undergraduate;Digital
25;Undergraduate;Digital
25;Undergraduate;Prospeccion
25;Undergraduate;Prospeccion
75;Undergraduate;Inbound
75;Undergraduate;Inbound
75;Undergraduate;Inbound
25;Undergraduate;Digital
25;Undergraduate;Digital
25;Undergraduate;Prospeccion
25;Undergraduate;Prospeccion
25;Undergraduate;Digital
25;Undergraduate;Digital
11;Postgraduate;Prospeccion
25;Undergraduate;Digital
25;Undergraduate;Digital
25;Undergraduate;Digital
25;Undergraduate;Prospeccion
75;Undergraduate;Inbound
75;Undergraduate;Inbound
25;Undergraduate;Digital
25;Undergraduate;Prospeccion
75;Undergraduate;Inbound
25;Undergraduate;Digital
75;Undergraduate;Inbound
75;Undergraduate;Inbound
25;Undergraduate;Prospeccion
25;Undergraduate;Digital
25;Undergraduate;Digital
75;Undergraduate;Inbound
25;Undergraduate;Prospeccion
25;Undergraduate;Prospeccion
25;Undergraduate;Digital
75;Undergraduate;Inbound
25;Undergraduate;Prospeccion
25;Undergraduate;Digital
25;Undergraduate;Digital
25;Undergraduate;Digital
25;Undergraduate;Digital
25;Undergraduate;Digital
75;Undergraduate;Inbound
25;Undergraduate;Digital
75;Undergraduate;Inbound
25;Undergraduate;Digital
25;Undergraduate;Digital
25;Undergraduate;Prospeccion
75;Undergraduate;Inbound
25;Undergraduate;Digital
75;Undergraduate;Inbound
75;Undergraduate;Inbound
75;Undergraduate;Inbound
75;Undergraduate;Inbound
25;Undergraduate;Prospeccion
25;Undergraduate;Digital
75;Undergraduate;Inbound
25;Undergraduate;Prospeccion
75;Undergraduate;Inbound
75;Undergraduate;Inbound
25;Undergraduate;Digital
25;Undergraduate;Digital
75;Undergraduate;Inbound
75;Undergraduate;Inbound
25;Undergraduate;Digital
25;Undergraduate;Digital
25;Undergraduate;Digital
25;Undergraduate;Digital
25;Undergraduate;Digital
25;Undergraduate;Digital
25;Undergraduate;Digital
25;Undergraduate;Prospeccion
25;Undergraduate;Prospeccion
75;Undergraduate;Inbound
75;Undergraduate;Inbound
25;Undergraduate;Digital
25;Undergraduate;Prospeccion
25;Undergraduate;Prospeccion
75;Undergraduate;Inbound
25;Undergraduate;Digital
25;Undergraduate;Prospeccion
25;Undergraduate;Digital
25;Undergraduate;Digital
25;Undergraduate;Digital
75;Undergraduate;Inbound
11;Postgraduate;Prospeccion
25;Undergraduate;Prospeccion
75;Undergraduate;Inbound
25;Undergraduate;Prospeccion
25;Undergraduate;Prospeccion
25;Undergraduate;Prospeccion
25;Undergraduate;Digital
75;Undergraduate;Inbound
25;Undergraduate;Digital
25;Undergraduate;Digital
75;Undergraduate;Inbound
25;Undergraduate;Prospeccion
25;Undergraduate;Digital
25;Undergraduate;Digital
25;Undergraduate;Digital
25;Undergraduate;Digital
75;Undergraduate;Inbound
75;Undergraduate;Inbound
75;Undergraduate;Inbound
25;Undergraduate;Prospeccion
25;Undergraduate;Prospeccion
25;Undergraduate;Digital
11;Postgraduate;Prospeccion
11;Postgraduate;Prospeccion
11;Postgraduate;Prospeccion
25;Undergraduate;Digital
25;Undergraduate;Digital
25;Undergraduate;Prospeccion
25;Undergraduate;Prospeccion
12;Postgraduate;Prospeccion
25;Undergraduate;Digital
25;Undergraduate;Digital
12;Postgraduate;Prospeccion
75;Undergraduate;Inbound
25;Undergraduate;Digital
25;Undergraduate;Digital
12;Postgraduate;Prospeccion
25;Undergraduate;Digital
25;Undergraduate;Digital
25;Undergraduate;Prospeccion
75;Undergraduate;Inbound
25;Undergraduate;Digital
12;Postgraduate;Prospeccion
12;Postgraduate;Prospeccion
25;Undergraduate;Prospeccion
25;Undergraduate;Digital
75;Undergraduate;Inbound
25;Undergraduate;Digital
25;Undergraduate;Digital
25;Undergraduate;Digital
25;Undergraduate;Digital
12;Postgraduate;Prospeccion
25;Undergraduate;Digital
25;Undergraduate;Digital
75;Undergraduate;Inbound
12;Postgraduate;Prospeccion
25;Undergraduate;Digital
75;Undergraduate;Inbound
75;Undergraduate;Inbound
25;Undergraduate;Digital
25;Undergraduate;Digital
25;Undergraduate;Prospeccion
25;Undergraduate;Prospeccion
25;Undergraduate;Digital
25;Undergraduate;Prospeccion
25;Undergraduate;Digital
25;Undergraduate;Digital
25;Undergraduate;Digital
75;Undergraduate;Inbound
25;Undergraduate;Digital
25;Undergraduate;Prospeccion
12;Postgraduate;Prospeccion
25;Undergraduate;Prospeccion
12;Postgraduate;Prospeccion
25;Undergraduate;Digital
12;Postgraduate;Prospeccion
75;Undergraduate;Inbound
25;Undergraduate;Digital
75;Undergraduate;Inbound
75;Undergraduate;Inbound
75;Undergraduate;Inbound
75;Undergraduate;Inbound
25;Undergraduate;Digital
25;Undergraduate;Prospeccion
25;Undergraduate;Digital
25;Undergraduate;Prospeccion
25;Undergraduate;Digital
12;Postgraduate;Prospeccion
75;Undergraduate;Inbound
75;Undergraduate;Inbound
75;Undergraduate;Inbound
75;Undergraduate;Inbound
75;Undergraduate;Inbound
25;Undergraduate;Digital
25;Undergraduate;Prospeccion
25;Undergraduate;Prospeccion
25;Undergraduate;Digital
25;Undergraduate;Digital
12;Postgraduate;Prospeccion
25;Undergraduate;Prospeccion
25;Undergraduate;Prospeccion
25;Undergraduate;Digital
12;Postgraduate;Prospeccion
25;Undergraduate;Digital
25;Undergraduate;Digital
25;Undergraduate;Digital
25;Undergraduate;Digital
25;Undergraduate;Digital
75;Undergraduate;Inbound
12;Postgraduate;Prospeccion
25;Undergraduate;Digital
25;Undergraduate;Prospeccion
75;Undergraduate;Inbound
25;Undergraduate;Digital
25;Undergraduate;Digital
12;Postgraduate;Prospeccion
25;Undergraduate;Digital
25;Undergraduate;Digital
25;Undergraduate;Digital
25;Undergraduate;Prospeccion
75;Undergraduate;Inbound
25;Undergraduate;Prospeccion
25;Undergraduate;Prospeccion
12;Postgraduate;Prospeccion
25;Undergraduate;Prospeccion
25;Undergraduate;Prospeccion
25;Undergraduate;Prospeccion
75;Undergraduate;Inbound
25;Undergraduate;Digital
75;Undergraduate;Inbound
25;Undergraduate;Digital
25;Undergraduate;Prospeccion
25;Undergraduate;Digital
75;Undergraduate;Inbound
75;Undergraduate;Inbound
25;Undergraduate;Prospeccion
25;Undergraduate;Digital
75;Undergraduate;Inbound
75;Undergraduate;Inbound
75;Undergraduate;Inbound
25;Undergraduate;Digital
25;Undergraduate;Prospeccion
75;Undergraduate;Inbound
12;Postgraduate;Prospeccion
25;Undergraduate;Digital
25;Undergraduate;Digital
25;Undergraduate;Digital
25;Undergraduate;Prospeccion
75;Undergraduate;Inbound
13;Postgraduate;Prospeccion
25;Undergraduate;Digital
25;Undergraduate;Digital
25;Undergraduate;Digital
25;Undergraduate;Prospeccion
75;Undergraduate;Inbound
25;Undergraduate;Digital
75;Undergraduate;Inbound
13;Postgraduate;Prospeccion
75;Undergraduate;Inbound
75;Undergraduate;Inbound
25;Undergraduate;Digital
25;Undergraduate;Prospeccion
13;Postgraduate;Prospeccion
75;Undergraduate;Inbound
25;Undergraduate;Prospeccion
75;Undergraduate;Inbound
25;Undergraduate;Digital
25;Undergraduate;Digital
25;Undergraduate;Digital
75;Undergraduate;Inbound
25;Undergraduate;Digital
25;Undergraduate;Prospeccion
75;Undergraduate;Inbound
25;Undergraduate;Digital
25;Undergraduate;Digital
25;Undergraduate;Digital
75;Undergraduate;Inbound
13;Postgraduate;Prospeccion
25;Undergraduate;Prospeccion
13;Postgraduate;Prospeccion
75;Undergraduate;Inbound
13;Postgraduate;Prospeccion
75;Undergraduate;Inbound
75;Undergraduate;Inbound
25;Undergraduate;Digital
75;Undergraduate;Inbound
25;Undergraduate;Prospeccion
75;Undergraduate;Inbound
75;Undergraduate;Inbound
75;Undergraduate;Inbound
25;Undergraduate;Digital
25;Undergraduate;Digital
25;Undergraduate;Digital
25;Undergraduate;Digital
75;Undergraduate;Inbound
75;Undergraduate;Inbound
75;Undergraduate;Inbound
25;Undergraduate;Digital
25;Undergraduate;Prospeccion
25;Undergraduate;Digital
25;Undergraduate;Digital
25;Undergraduate;Digital
75;Undergraduate;Inbound
25;Undergraduate;Prospeccion
75;Undergraduate;Inbound
75;Undergraduate;Inbound
13;Postgraduate;Prospeccion
25;Undergraduate;Digital
75;Undergraduate;Inbound
25;Undergraduate;Digital
75;Undergraduate;Inbound
25;Undergraduate;Digital
75;Undergraduate;Inbound
15;Postgraduate;Prospeccion
25;Undergraduate;Prospeccion
25;Undergraduate;Digital
75;Undergraduate;Inbound
25;Undergraduate;Digital
25;Undergraduate;Digital
25;Undergraduate;Digital
75;Undergraduate;Inbound
75;Undergraduate;Inbound
25;Undergraduate;Prospeccion
25;Undergraduate;Digital
25;Undergraduate;Digital
75;Undergraduate;Inbound
75;Undergraduate;Inbound
75;Undergraduate;Inbound
75;Undergraduate;Inbound
15;Postgraduate;Prospeccion
25;Undergraduate;Digital
25;Undergraduate;Digital
25;Undergraduate;Prospeccion
75;Undergraduate;Inbound
25;Undergraduate;Digital
75;Undergraduate;Inbound
15;Postgraduate;Prospeccion
75;Undergraduate;Inbound
25;Undergraduate;Prospeccion
75;Undergraduate;Inbound
75;Undergraduate;Inbound
25;Undergraduate;Digital
75;Undergraduate;Inbound
75;Undergraduate;Inbound
75;Undergraduate;Inbound
25;Undergraduate;Prospeccion
25;Undergraduate;Digital
25;Undergraduate;Digital
25;Undergraduate;Digital
75;Undergraduate;Inbound
25;Undergraduate;Digital
75;Undergraduate;Inbound
25;Undergraduate;Digital
25;Undergraduate;Prospeccion
75;Undergraduate;Inbound
25;Undergraduate;Prospeccion
25;Undergraduate;Digital
25;Undergraduate;Digital
25;Undergraduate;Digital
25;Undergraduate;Digital
25;Undergraduate;Digital
75;Undergraduate;Inbound
25;Undergraduate;Digital
15;Postgraduate;Prospeccion
25;Undergraduate;Digital
25;Undergraduate;Digital
25;Undergraduate;Digital
25;Undergraduate;Digital
25;Undergraduate;Digital
25;Undergraduate;Digital
75;Undergraduate;Inbound
75;Undergraduate;Inbound
75;Undergraduate;Inbound
25;Undergraduate;Digital
25;Undergraduate;Digital
75;Undergraduate;Inbound
25;Undergraduate;Digital
75;Undergraduate;Inbound
25;Undergraduate;Digital
25;Undergraduate;Digital
25;Undergraduate;Digital
75;Undergraduate;Inbound
25;Undergraduate;Prospeccion
75;Undergraduate;Inbound
75;Undergraduate;Inbound
25;Undergraduate;Digital
25;Undergraduate;Digital
75;Undergraduate;Inbound
75;Undergraduate;Inbound
75;Undergraduate;Inbound
25;Undergraduate;Digital
75;Undergraduate;Inbound
25;Undergraduate;Digital
75;Undergraduate;Inbound
25;Undergraduate;Digital
75;Undergraduate;Inbound
25;Undergraduate;Prospeccion
25;Undergraduate;Digital
25;Undergraduate;Prospeccion
75;Undergraduate;Inbound
75;Undergraduate;Inbound
75;Undergraduate;Inbound
75;Undergraduate;Inbound
75;Undergraduate;Inbound
75;Undergraduate;Inbound
75;Undergraduate;Inbound
75;Undergraduate;Inbound
75;Undergraduate;Inbound
25;Undergraduate;Prospeccion
75;Undergraduate;Inbound
75;Undergraduate;Inbound
25;Undergraduate;Digital
25;Undergraduate;Digital
25;Undergraduate;Digital
75;Undergraduate;Inbound
75;Undergraduate;Inbound
75;Undergraduate;Inbound
75;Undergraduate;Inbound
15;Postgraduate;Prospeccion
25;Undergraduate;Digital
75;Undergraduate;Inbound
75;Undergraduate;Inbound
25;Undergraduate;Prospeccion
75;Undergraduate;Inbound
15;Postgraduate;Prospeccion
15;Postgraduate;Prospeccion
15;Postgraduate;Prospeccion
15;Postgraduate;Prospeccion
15;Postgraduate;Prospeccion
15;Postgraduate;Prospeccion
15;Postgraduate;Prospeccion
35;Undergraduate;Digital
15;Postgraduate;Prospeccion
35;Undergraduate;Inbound
35;Undergraduate;Prospeccion
35;Undergraduate;Digital
35;Undergraduate;Digital
35;Undergraduate;Prospeccion
35;Undergraduate;Digital
35;Undergraduate;Digital
35;Undergraduate;Prospeccion
35;Undergraduate;Digital
35;Undergraduate;Prospeccion
35;Undergraduate;Prospeccion
35;Undergraduate;Inbound
35;Undergraduate;Digital
35;Undergraduate;Prospeccion
35;Undergraduate;Digital
35;Undergraduate;Prospeccion
35;Undergraduate;Digital
35;Undergraduate;Inbound
35;Undergraduate;Digital
35;Undergraduate;Digital
35;Undergraduate;Prospeccion
35;Undergraduate;Digital
35;Undergraduate;Digital
35;Undergraduate;Inbound
35;Undergraduate;Digital
35;Undergraduate;Digital
35;Undergraduate;Inbound
35;Undergraduate;Prospeccion
35;Undergraduate;Prospeccion
35;Undergraduate;Inbound
35;Undergraduate;Prospeccion
35;Undergraduate;Digital
35;Undergraduate;Inbound
35;Undergraduate;Prospeccion
35;Undergraduate;Digital
35;Undergraduate;Digital
35;Undergraduate;Prospeccion
35;Undergraduate;Digital
35;Undergraduate;Digital
35;Undergraduate;Inbound
35;Undergraduate;Digital
15;Postgraduate;Prospeccion
35;Undergraduate;Digital
35;Undergraduate;Prospeccion
35;Undergraduate;Digital
35;Undergraduate;Inbound
35;Undergraduate;Digital
35;Undergraduate;Inbound
35;Undergraduate;Inbound
35;Undergraduate;Digital
35;Undergraduate;Inbound
35;Undergraduate;Prospeccion
35;Undergraduate;Prospeccion
15;Postgraduate;Prospeccion
15;Postgraduate;Prospeccion
35;Undergraduate;Inbound
35;Undergraduate;Digital
35;Undergraduate;Digital
35;Undergraduate;Inbound
35;Undergraduate;Inbound
35;Undergraduate;Prospeccion
35;Undergraduate;Prospeccion
35;Undergraduate;Prospeccion
35;Undergraduate;Inbound
35;Undergraduate;Prospeccion
35;Undergraduate;Prospeccion
35;Undergraduate;Prospeccion
35;Undergraduate;Prospeccion
35;Undergraduate;Prospeccion
35;Undergraduate;Prospeccion
35;Undergraduate;Digital
15;Postgraduate;Prospeccion
35;Undergraduate;Digital
35;Undergraduate;Digital
35;Undergraduate;Digital
35;Undergraduate;Digital
35;Undergraduate;Inbound
35;Undergraduate;Digital
35;Undergraduate;Prospeccion
15;Postgraduate;Prospeccion
15;Postgraduate;Prospeccion
15;Postgraduate;Prospeccion
15;Postgraduate;Prospeccion
15;Postgraduate;Prospeccion
15;Postgraduate;Prospeccion
35;Undergraduate;Digital
35;Undergraduate;Digital
15;Postgraduate;Prospeccion
35;Undergraduate;Inbound
35;Undergraduate;Digital
35;Undergraduate;Prospeccion
15;Postgraduate;Prospeccion
35;Undergraduate;Digital
35;Undergraduate;Digital
35;Undergraduate;Digital
15;Postgraduate;Prospeccion
35;Undergraduate;Inbound
15;Postgraduate;Prospeccion
15;Postgraduate;Prospeccion
35;Undergraduate;Inbound
15;Postgraduate;Prospeccion
15;Postgraduate;Prospeccion
15;Postgraduate;Prospeccion
15;Postgraduate;Prospeccion
15;Postgraduate;Prospeccion
15;Postgraduate;Prospeccion
35;Undergraduate;Prospeccion
35;Undergraduate;Prospeccion
35;Undergraduate;Prospeccion
15;Postgraduate;Prospeccion
35;Undergraduate;Digital
15;Postgraduate;Prospeccion
35;Undergraduate;Inbound
35;Undergraduate;Inbound
15;Postgraduate;Prospeccion
15;Postgraduate;Prospeccion
35;Undergraduate;Digital
15;Postgraduate;Prospeccion
15;Postgraduate;Prospeccion
15;Postgraduate;Prospeccion
35;Undergraduate;Digital
35;Undergraduate;Digital
35;Undergraduate;Digital
35;Undergraduate;Inbound
35;Undergraduate;Inbound
35;Undergraduate;Inbound
35;Undergraduate;Digital
35;Undergraduate;Digital
35;Undergraduate;Inbound
35;Undergraduate;Digital
35;Undergraduate;Inbound
35;Undergraduate;Digital
35;Undergraduate;Digital
35;Undergraduate;Digital
4;Undergraduate;Digital
4;Undergraduate;Inbound
4;Undergraduate;Digital
4;Undergraduate;Inbound
4;Undergraduate;Digital
4;Undergraduate;Prospeccion
4;Undergraduate;Digital
4;Undergraduate;Digital
4;Undergraduate;Inbound
4;Undergraduate;Digital
4;Undergraduate;Digital
4;Undergraduate;Digital
4;Undergraduate;Digital
4;Undergraduate;Prospeccion
4;Undergraduate;Inbound
4;Undergraduate;Prospeccion
4;Undergraduate;Prospeccion
4;Undergraduate;Digital
4;Undergraduate;Inbound
4;Undergraduate;Prospeccion
4;Undergraduate;Inbound
4;Undergraduate;Digital
4;Undergraduate;Inbound
4;Undergraduate;Digital
4;Undergraduate;Digital
45;Undergraduate;Digital
45;Undergraduate;Prospeccion
45;Undergraduate;Prospeccion
45;Undergraduate;Digital
5;Undergraduate;Digital
5;Undergraduate;Digital
5;Undergraduate;Inbound
5;Undergraduate;Digital
5;Undergraduate;Inbound
5;Undergraduate;Inbound
5;Undergraduate;Digital
5;Undergraduate;Digital
5;Undergraduate;Prospeccion
5;Undergraduate;Inbound
5;Undergraduate;Inbound
5;Undergraduate;Digital
5;Undergraduate;Inbound
5;Undergraduate;Prospeccion
5;Undergraduate;Digital
5;Undergraduate;Inbound
5;Undergraduate;Prospeccion
5;Undergraduate;Prospeccion
5;Undergraduate;Inbound
5;Undergraduate;Inbound
5;Undergraduate;Digital
5;Undergraduate;Inbound
5;Undergraduate;Prospeccion
5;Undergraduate;Inbound
5;Undergraduate;Prospeccion
5;Undergraduate;Prospeccion
5;Undergraduate;Digital
5;Undergraduate;Inbound
5;Undergraduate;Digital
5;Undergraduate;Inbound
5;Undergraduate;Inbound
5;Undergraduate;Prospeccion
5;Undergraduate;Digital
5;Undergraduate;Inbound
5;Undergraduate;Inbound
5;Undergraduate;Inbound
5;Undergraduate;Inbound
5;Undergraduate;Digital
5;Undergraduate;Digital
5;Undergraduate;Digital
5;Undergraduate;Prospeccion
5;Undergraduate;Prospeccion
5;Undergraduate;Prospeccion
5;Undergraduate;Prospeccion
5;Undergraduate;Prospeccion
5;Undergraduate;Inbound
5;Undergraduate;Digital
5;Undergraduate;Prospeccion
5;Undergraduate;Digital
5;Undergraduate;Inbound
5;Undergraduate;Prospeccion
5;Undergraduate;Prospeccion
5;Undergraduate;Digital
5;Undergraduate;Digital
5;Undergraduate;Inbound
5;Undergraduate;Inbound
5;Undergraduate;Digital
5;Undergraduate;Prospeccion
5;Undergraduate;Digital
5;Undergraduate;Digital
5;Undergraduate;Digital
5;Undergraduate;Digital
5;Undergraduate;Inbound
5;Undergraduate;Prospeccion
5;Undergraduate;Inbound
5;Undergraduate;Digital
5;Undergraduate;Prospeccion
5;Undergraduate;Digital
5;Undergraduate;Digital
5;Undergraduate;Prospeccion
5;Undergraduate;Prospeccion
5;Undergraduate;Prospeccion
5;Undergraduate;Prospeccion
5;Undergraduate;Digital
5;Undergraduate;Prospeccion
5;Undergraduate;Inbound
5;Undergraduate;Prospeccion
5;Undergraduate;Prospeccion
5;Undergraduate;Prospeccion
5;Undergraduate;Inbound
5;Undergraduate;Inbound
5;Undergraduate;Prospeccion
5;Undergraduate;Digital
5;Undergraduate;Digital
5;Undergraduate;Digital
5;Undergraduate;Digital
5;Undergraduate;Inbound
5;Undergraduate;Prospeccion
5;Undergraduate;Prospeccion
5;Undergraduate;Prospeccion
5;Undergraduate;Digital
5;Undergraduate;Prospeccion
5;Undergraduate;Prospeccion
5;Undergraduate;Digital
5;Undergraduate;Prospeccion
5;Undergraduate;Inbound
5;Undergraduate;Digital
5;Undergraduate;Inbound
5;Undergraduate;Inbound
5;Undergraduate;Inbound
5;Undergraduate;Digital
5;Undergraduate;Prospeccion
4;Postgraduate;Prospeccion
5;Undergraduate;Inbound
4;Postgraduate;Prospeccion
5;Undergraduate;Digital
5;Undergraduate;Digital
5;Undergraduate;Inbound
5;Undergraduate;Inbound
5;Undergraduate;Prospeccion
5;Undergraduate;Prospeccion
5;Undergraduate;Digital
5;Undergraduate;Digital
5;Undergraduate;Inbound
5;Undergraduate;Inbound
5;Undergraduate;Inbound
5;Undergraduate;Inbound
5;Undergraduate;Prospeccion
5;Undergraduate;Prospeccion
5;Undergraduate;Inbound
5;Undergraduate;Prospeccion
5;Undergraduate;Inbound
5;Undergraduate;Digital
5;Undergraduate;Inbound
5;Undergraduate;Digital
5;Undergraduate;Inbound
5;Undergraduate;Inbound
5;Undergraduate;Digital
5;Undergraduate;Inbound
5;Undergraduate;Prospeccion
5;Undergraduate;Prospeccion
5;Undergraduate;Digital
5;Undergraduate;Digital
5;Undergraduate;Prospeccion
5;Undergraduate;Prospeccion
5;Undergraduate;Inbound
5;Undergraduate;Digital
5;Undergraduate;Digital
5;Undergraduate;Prospeccion
5;Undergraduate;Prospeccion
5;Postgraduate;Prospeccion
5;Postgraduate;Prospeccion
5;Undergraduate;Prospeccion
5;Postgraduate;Prospeccion
5;Undergraduate;Digital
5;Undergraduate;Inbound
5;Undergraduate;Prospeccion
5;Postgraduate;Prospeccion
5;Undergraduate;Inbound
5;Undergraduate;Digital
5;Postgraduate;Prospeccion
5;Undergraduate;Inbound
5;Undergraduate;Digital
5;Undergraduate;Digital
5;Undergraduate;Digital
5;Undergraduate;Digital
5;Postgraduate;Prospeccion
5;Undergraduate;Inbound
5;Undergraduate;Inbound
5;Postgraduate;Prospeccion
5;Undergraduate;Digital
6;Undergraduate;Prospeccion
6;Undergraduate;Prospeccion
65;Undergraduate;Digital
65;Undergraduate;Prospeccion
65;Undergraduate;Prospeccion
7;Undergraduate;Prospeccion
7;Undergraduate;Prospeccion
7;Undergraduate;Prospeccion
7;Undergraduate;Prospeccion
75;Undergraduate;Digital
75;Undergraduate;Digital
75;Undergraduate;Digital
75;Undergraduate;Digital
75;Undergraduate;Digital
75;Undergraduate;Prospeccion
75;Undergraduate;Prospeccion
75;Undergraduate;Inbound
75;Undergraduate;Prospeccion
75;Undergraduate;Digital
75;Undergraduate;Prospeccion
75;Undergraduate;Digital
75;Undergraduate;Digital
75;Undergraduate;Digital
75;Undergraduate;Prospeccion
75;Undergraduate;Inbound
75;Undergraduate;Digital
75;Undergraduate;Inbound
75;Undergraduate;Inbound
75;Undergraduate;Inbound
75;Undergraduate;Inbound
75;Undergraduate;Prospeccion
75;Undergraduate;Inbound
75;Undergraduate;Prospeccion
75;Undergraduate;Prospeccion
75;Undergraduate;Digital
75;Undergraduate;Digital
75;Undergraduate;Inbound
75;Undergraduate;Prospeccion
75;Undergraduate;Digital
75;Undergraduate;Inbound
75;Undergraduate;Inbound
75;Undergraduate;Inbound
75;Undergraduate;Prospeccion
75;Undergraduate;Digital
75;Undergraduate;Inbound
75;Undergraduate;Inbound
75;Undergraduate;Digital
75;Undergraduate;Inbound
75;Undergraduate;Inbound
8;Undergraduate;Inbound
